foto_100243804_1.webp,"[reformado]"
foto_100243804_10.webp,"[reformado]"
foto_100243804_2.webp,"[nulo]"
foto_100243804_3.webp,"[reformado]"
foto_100243804_4.webp,"[reformado]"
foto_100243804_5.webp,"[reformado]"
foto_100243804_6.webp,"[reformado]"
foto_100243804_7.webp,"[reformado]"
foto_100243804_8.webp,"[reformado]"
foto_100243804_9.webp,"[reformado]"
foto_100458501_1.webp,"[reformado]"
foto_100458501_10.webp,"[reformado]"
foto_100458501_2.webp,"[reformado]"
foto_100458501_3.webp,"[reformado]"
foto_100458501_4.webp,"[reformado]"
foto_100458501_5.webp,"[reformado]"
foto_100458501_6.webp,"[reformado]"
foto_100458501_7.webp,"[reformado]"
foto_100458501_8.webp,"[reformado]"
foto_100458501_9.webp,"[reformado]"
foto_100519346_1.webp,"[reformado]"
foto_100519346_10.webp,"[reformado]"
foto_100519346_2.webp,"[reformado]"
foto_100519346_3.webp,"[reformado]"
foto_100519346_4.webp,"[reformado]"
foto_100519346_5.webp,"[reformado]"
foto_100519346_6.webp,"[nulo]"
foto_100519346_7.webp,"[reformado]"
foto_100519346_8.webp,"[reformado]"
foto_100519346_9.webp,"[reformado]"
foto_100531606_1.webp,"[nulo]"
foto_100531606_10.webp,"[no reformado]"
foto_100531606_2.webp,"[reformado]"
foto_100531606_3.webp,"[reformado]"
foto_100531606_4.webp,"[reformado]"
foto_100531606_5.webp,"[reformado]"
foto_100531606_6.webp,"[reformado]"
foto_100531606_7.webp,"[no reformado]"
foto_100531606_8.webp,"[reformado]"
foto_100531606_9.webp,"[reformado]"
foto_100932241_1.webp,"[reformado]"
foto_100932241_10.webp,"[reformado]"
foto_100932241_2.webp,"[reformado]"
foto_100932241_3.webp,"[reformado]"
foto_100932241_4.webp,"[reformado]"
foto_100932241_5.webp,"[reformado]"
foto_100932241_6.webp,"[reformado]"
foto_100932241_7.webp,"[reformado]"
foto_100932241_8.webp,"[reformado]"
foto_100932241_9.webp,"[reformado]"
foto_100975684_1.webp,"[reformado]"
foto_100975684_10.webp,"[reformado]"
foto_100975684_2.webp,"[reformado]"
foto_100975684_3.webp,"[reformado]"
foto_100975684_4.webp,"[reformado]"
foto_100975684_5.webp,"[reformado]"
foto_100975684_6.webp,"[reformado]"
foto_100975684_7.webp,"[reformado]"
foto_100975684_8.webp,"[reformado]"
foto_100975684_9.webp,"[reformado]"
foto_101126503_1.webp,"[reformado]"
foto_101126503_10.webp,"[nulo]"
foto_101126503_2.webp,"[reformado]"
foto_101126503_3.webp,"[reformado]"
foto_101126503_4.webp,"[reformado]"
foto_101126503_5.webp,"[reformado]"
foto_101126503_6.webp,"[reformado]"
foto_101126503_7.webp,"[reformado]"
foto_101126503_8.webp,"[reformado]"
foto_101126503_9.webp,"[reformado]"
foto_101166377_1.webp,"[nulo]"
foto_101166377_10.webp,"[reformado]"
foto_101166377_2.webp,"[reformado]"
foto_101166377_3.webp,"[reformado]"
foto_101166377_4.webp,"[reformado]"
foto_101166377_5.webp,"[reformado]"
foto_101166377_6.webp,"[reformado]"
foto_101166377_7.webp,"[reformado]"
foto_101166377_8.webp,"[reformado]"
foto_101166377_9.webp,"[reformado]"
foto_101240310_1.webp,"[nulo]"
foto_101240310_2.webp,"[nulo]"
foto_101240310_3.webp,"[nulo]"
foto_101395168_1.webp,"[nulo]"
foto_101395168_10.webp,"[nulo]"
foto_101395168_2.webp,"[nulo]"
foto_101395168_3.webp,"[nulo]"
foto_101395168_4.webp,"[nulo]"
foto_101395168_5.webp,"[nulo]"
foto_101395168_6.webp,"[nulo]"
foto_101395168_7.webp,"[nulo]"
foto_101395168_8.webp,"[nulo]"
foto_101395168_9.webp,"[nulo]"
foto_101479852_1.webp,"[reformado]"
foto_101479852_10.webp,"[reformado]"
foto_101479852_2.webp,"[reformado]"
foto_101479852_3.webp,"[reformado]"
foto_101479852_4.webp,"[reformado]"
foto_101479852_5.webp,"[reformado]"
foto_101479852_6.webp,"[reformado]"
foto_101479852_7.webp,"[reformado]"
foto_101479852_8.webp,"[nulo]"
foto_101479852_9.webp,"[reformado]"
foto_101519606_1.webp,"[no reformado]"
foto_101519606_10.webp,"[no reformado]"
foto_101519606_2.webp,"[nulo]"
foto_101519606_3.webp,"[nulo]"
foto_101519606_4.webp,"[nulo]"
foto_101519606_5.webp,"[nulo]"
foto_101519606_6.webp,"[no reformado]"
foto_101519606_7.webp,"[no reformado]"
foto_101519606_8.webp,"[no reformado]"
foto_101519606_9.webp,"[no reformado]"
foto_101581055_1.webp,"[reformado]"
foto_101581055_10.webp,"[reformado]"
foto_101581055_2.webp,"[reformado]"
foto_101581055_3.webp,"[reformado]"
foto_101581055_4.webp,"[reformado]"
foto_101581055_5.webp,"[reformado]"
foto_101581055_6.webp,"[reformado]"
foto_101581055_7.webp,"[reformado]"
foto_101581055_8.webp,"[reformado]"
foto_101581055_9.webp,"[reformado]"
foto_101733675_1.webp,"[nulo]"
foto_101733675_10.webp,"[nulo]"
foto_101733675_2.webp,"[nulo]"
foto_101733675_3.webp,"[nulo]"
foto_101733675_4.webp,"[nulo]"
foto_101733675_5.webp,"[nulo]"
foto_101733675_6.webp,"[nulo]"
foto_101733675_7.webp,"[nulo]"
foto_101733675_8.webp,"[nulo]"
foto_101733675_9.webp,"[nulo]"
foto_101965364_1.webp,"[no reformado]"
foto_101965364_10.webp,"[reformado]"
foto_101965364_2.webp,"[reformado]"
foto_101965364_3.webp,"[reformado]"
foto_101965364_4.webp,"[reformado]"
foto_101965364_5.webp,"[reformado]"
foto_101965364_6.webp,"[reformado]"
foto_101965364_7.webp,"[reformado]"
foto_101965364_8.webp,"[reformado]"
foto_101965364_9.webp,"[reformado]"
foto_101982110_1.webp,"[nulo]"
foto_101982110_10.webp,"[nulo]"
foto_101982110_2.webp,"[nulo]"
foto_101982110_3.webp,"[nulo]"
foto_101982110_4.webp,"[nulo]"
foto_101982110_5.webp,"[nulo]"
foto_101982110_6.webp,"[nulo]"
foto_101982110_7.webp,"[nulo]"
foto_101982110_8.webp,"[nulo]"
foto_101982110_9.webp,"[nulo]"
foto_102065571_1.webp,"[no reformado]"
foto_102065571_10.webp,"[no reformado]"
foto_102065571_2.webp,"[no reformado]"
foto_102065571_3.webp,"[nulo]"
foto_102065571_4.webp,"[nulo]"
foto_102065571_5.webp,"[nulo]"
foto_102065571_6.webp,"[nulo]"
foto_102065571_7.webp,"[nulo]"
foto_102065571_8.webp,"[nulo]"
foto_102065571_9.webp,"[nulo]"
foto_102066051_1.webp,"[nulo]"
foto_102066051_10.webp,"[no reformado]"
foto_102066051_2.webp,"[no reformado]"
foto_102066051_3.webp,"[nulo]"
foto_102066051_4.webp,"[no reformado]"
foto_102066051_5.webp,"[no reformado]"
foto_102066051_6.webp,"[no reformado]"
foto_102066051_7.webp,"[no reformado]"
foto_102066051_8.webp,"[no reformado]"
foto_102066051_9.webp,"[no reformado]"
foto_102321330_1.webp,"[no reformado]"
foto_102321330_10.webp,"[reformado]"
foto_102321330_2.webp,"[reformado]"
foto_102321330_3.webp,"[reformado]"
foto_102321330_4.webp,"[reformado]"
foto_102321330_5.webp,"[reformado]"
foto_102321330_6.webp,"[reformado]"
foto_102321330_7.webp,"[reformado]"
foto_102321330_8.webp,"[reformado]"
foto_102321330_9.webp,"[reformado]"
foto_102485802_1.webp,"[reformado]"
foto_102485802_10.webp,"[reformado]"
foto_102485802_2.webp,"[reformado]"
foto_102485802_3.webp,"[reformado]"
foto_102485802_4.webp,"[reformado]"
foto_102485802_5.webp,"[reformado]"
foto_102485802_6.webp,"[reformado]"
foto_102485802_7.webp,"[reformado]"
foto_102485802_8.webp,"[reformado]"
foto_102485802_9.webp,"[nulo]"
foto_102587519_1.webp,"[reformado]"
foto_102587519_10.webp,"[reformado]"
foto_102587519_2.webp,"[reformado]"
foto_102587519_3.webp,"[reformado]"
foto_102587519_4.webp,"[reformado]"
foto_102587519_5.webp,"[nulo]"
foto_102587519_6.webp,"[reformado]"
foto_102587519_7.webp,"[reformado]"
foto_102588935_7.webp,"[nulo]"
foto_102742908_7.webp,"[no reformado]"
foto_102742908_9.webp,"[no reformado]"
foto_102765202_1.webp,"[reformado]"
foto_102765202_10.webp,"[reformado]"
foto_102765202_5.webp,"[reformado]"
foto_102765202_6.webp,"[reformado]"
foto_102932949_7.webp,"[nulo]"
foto_103200398_10.webp,"[no reformado]"
foto_103200398_2.webp,"[no reformado]"
foto_103200398_4.webp,"[no reformado]"
foto_103200398_5.webp,"[no reformado]"
foto_103200398_6.webp,"[no reformado]"
foto_103200398_7.webp,"[no reformado]"
foto_103200398_8.webp,"[no reformado]"
foto_103200398_9.webp,"[no reformado]"
foto_103674717_5.webp,"[no reformado]"
foto_103674717_6.webp,"[no reformado]"
foto_103674717_7.webp,"[no reformado]"
foto_103674717_8.webp,"[no reformado]"
foto_103674717_9.webp,"[no reformado]"
foto_103951605_1.webp,"[no reformado]"
foto_103951605_2.webp,"[no reformado]"
foto_103951605_3.webp,"[no reformado]"
foto_103951605_4.webp,"[no reformado]"
foto_103951605_9.webp,"[no reformado]"
foto_104112397_1.webp,"[no reformado]"
foto_104112397_10.webp,"[no reformado]"
foto_104112397_2.webp,"[no reformado]"
foto_104112397_3.webp,"[no reformado]"
foto_104112397_4.webp,"[no reformado]"
foto_104112397_5.webp,"[no reformado]"
foto_104112397_6.webp,"[no reformado]"
foto_104112397_7.webp,"[no reformado]"
foto_104112397_8.webp,"[no reformado]"
foto_104112397_9.webp,"[no reformado]"
foto_104131039_1.webp,"[no reformado]"
foto_104131039_4.webp,"[nulo]"
foto_104137007_1.webp,"[reformado]"
foto_104148981_1.webp,"[no reformado]"
foto_104148981_10.webp,"[no reformado]"
foto_104148981_2.webp,"[no reformado]"
foto_104148981_3.webp,"[no reformado]"
foto_104148981_4.webp,"[no reformado]"
foto_104148981_5.webp,"[no reformado]"
foto_104148981_6.webp,"[no reformado]"
foto_104148981_7.webp,"[no reformado]"
foto_104148981_8.webp,"[no reformado]"
foto_104148981_9.webp,"[no reformado]"
foto_104151681_3.webp,"[no reformado]"
foto_104163493_1.webp,"[no reformado]"
foto_104163493_2.webp,"[no reformado]"
foto_104163493_3.webp,"[no reformado]"
foto_104163493_4.webp,"[no reformado]"
foto_104163493_5.webp,"[no reformado]"
foto_104163493_6.webp,"[no reformado]"
foto_104297283_1.webp,"[no reformado]"
foto_104297283_10.webp,"[no reformado]"
foto_104297283_3.webp,"[no reformado]"
foto_104297283_6.webp,"[no reformado]"
foto_104305083_10.webp,"[no reformado]"
foto_104305083_4.webp,"[no reformado]"
foto_104305083_5.webp,"[no reformado]"
foto_104305083_7.webp,"[no reformado]"
foto_104305083_9.webp,"[no reformado]"
foto_104337220_2.webp,"[nulo]"
foto_104337220_7.webp,"[nulo]"
foto_104337220_8.webp,"[nulo]"
foto_104337220_9.webp,"[nulo]"
foto_104386181_3.webp,"[no reformado]"
foto_104386181_4.webp,"[no reformado]"
foto_104386181_5.webp,"[no reformado]"
foto_104386181_7.webp,"[no reformado]"
foto_104386181_8.webp,"[no reformado]"
foto_104386181_9.webp,"[no reformado]"
foto_104388089_10.webp,"[nulo]"
foto_104388089_8.webp,"[no reformado]"
foto_104388089_9.webp,"[no reformado]"
foto_104402146_2.webp,"[nulo]"
foto_104402146_3.webp,"[nulo]"
foto_104490153_8.webp,"[no reformado]"
foto_104490153_9.webp,"[no reformado]"
foto_104515791_10.webp,"[no reformado]"
foto_104515791_2.webp,"[no reformado]"
foto_104515791_3.webp,"[no reformado]"
foto_104515791_4.webp,"[no reformado]"
foto_104515791_5.webp,"[no reformado]"
foto_104515791_7.webp,"[no reformado]"
foto_104515791_8.webp,"[no reformado]"
foto_104515791_9.webp,"[no reformado]"
foto_104531490_1.webp,"[no reformado]"
foto_104531490_3.webp,"[no reformado]"
foto_104531490_6.webp,"[no reformado]"
foto_104531490_7.webp,"[no reformado]"
foto_104531490_9.webp,"[no reformado]"
foto_104540236_3.webp,"[no reformado]"
foto_104540236_4.webp,"[no reformado]"
foto_104540236_5.webp,"[no reformado]"
foto_104540236_6.webp,"[no reformado]"
foto_104540236_7.webp,"[no reformado]"
foto_104540236_8.webp,"[no reformado]"
foto_104546685_1.webp,"[no reformado]"
foto_104546685_10.webp,"[no reformado]"
foto_104546685_2.webp,"[no reformado]"
foto_104546685_3.webp,"[no reformado]"
foto_104546685_5.webp,"[no reformado]"
foto_104546685_6.webp,"[no reformado]"
foto_104546685_7.webp,"[no reformado]"
foto_104546685_8.webp,"[no reformado]"
foto_104546685_9.webp,"[no reformado]"
foto_104594035_1.webp,"[no reformado]"
foto_104594035_10.webp,"[no reformado]"
foto_104594035_2.webp,"[no reformado]"
foto_104594035_3.webp,"[no reformado]"
foto_104594035_4.webp,"[no reformado]"
foto_104594035_5.webp,"[no reformado]"
foto_104594035_6.webp,"[no reformado]"
foto_104594035_7.webp,"[no reformado]"
foto_104594035_8.webp,"[no reformado]"
foto_104594035_9.webp,"[no reformado]"
foto_104613472_1.webp,"[no reformado]"
foto_104613472_10.webp,"[reformado]"
foto_104613472_2.webp,"[reformado]"
foto_104613472_3.webp,"[reformado]"
foto_104613472_4.webp,"[reformado]"
foto_104613472_5.webp,"[reformado]"
foto_104613472_9.webp,"[reformado]"
foto_104622764_6.webp,"[no reformado]"
foto_104622764_7.webp,"[no reformado]"
foto_104622764_8.webp,"[no reformado]"
foto_104651722_1.webp,"[no reformado]"
foto_104651722_10.webp,"[no reformado]"
foto_104651722_2.webp,"[no reformado]"
foto_104651722_4.webp,"[no reformado]"
foto_104651722_5.webp,"[no reformado]"
foto_104651722_6.webp,"[no reformado]"
foto_104773982_6.webp,"[no reformado]"
foto_104775951_5.webp,"[nulo]"
foto_104775951_6.webp,"[nulo]"
foto_104775951_7.webp,"[nulo]"
foto_104808966_1.webp,"[nulo]"
foto_104808966_4.webp,"[nulo]"
foto_104808966_5.webp,"[nulo]"
foto_104812036_1.webp,"[reformado]"
foto_104812036_2.webp,"[reformado]"
foto_104812036_3.webp,"[reformado]"
foto_104812036_4.webp,"[reformado]"
foto_104812036_5.webp,"[nulo]"
foto_104866036_1.webp,"[nulo]"
foto_104866036_10.webp,"[no reformado]"
foto_104866036_5.webp,"[no reformado]"
foto_104866036_6.webp,"[no reformado]"
foto_104866036_7.webp,"[no reformado]"
foto_104866036_8.webp,"[no reformado]"
foto_104866036_9.webp,"[no reformado]"
foto_104867799_1.webp,"[no reformado]"
foto_104867799_2.webp,"[no reformado]"
foto_104867799_3.webp,"[no reformado]"
foto_104867799_4.webp,"[no reformado]"
foto_104867799_5.webp,"[no reformado]"
foto_104867799_6.webp,"[no reformado]"
foto_104867799_7.webp,"[no reformado]"
foto_104867799_9.webp,"[no reformado]"
foto_104876659_10.webp,"[reformado]"
foto_104876659_3.webp,"[reformado]"
foto_104876659_5.webp,"[reformado]"
foto_104876659_9.webp,"[reformado]"
foto_104949549_1.webp,"[reformado]"
foto_104949549_10.webp,"[reformado]"
foto_104949549_2.webp,"[reformado]"
foto_104949549_3.webp,"[reformado]"
foto_106065853_1.webp,"[no reformado]"
foto_106065853_10.webp,"[no reformado]"
foto_106065853_3.webp,"[no reformado]"
foto_106065853_4.webp,"[no reformado]"
foto_106065853_5.webp,"[no reformado]"
foto_106065853_7.webp,"[no reformado]"
foto_106072433_4.webp,"[no reformado]"
foto_106072433_5.webp,"[no reformado]"
foto_106072433_6.webp,"[no reformado]"
foto_106072433_7.webp,"[no reformado]"
foto_106072433_8.webp,"[nulo]"
foto_106081215_2.webp,"[no reformado]"
foto_106081215_6.webp,"[no reformado]"
foto_106081215_8.webp,"[no reformado]"
foto_106093303_1.webp,"[nulo]"
foto_106093303_10.webp,"[reformado]"
foto_106097463_2.webp,"[nulo]"
foto_106097463_3.webp,"[no reformado]"
foto_106097463_4.webp,"[no reformado]"
foto_106097463_5.webp,"[no reformado]"
foto_106097463_6.webp,"[no reformado]"
foto_106097463_7.webp,"[no reformado]"
foto_106097463_8.webp,"[no reformado]"
foto_106097463_9.webp,"[no reformado]"
foto_106097623_10.webp,"[no reformado]"
foto_106097623_2.webp,"[no reformado]"
foto_106097623_3.webp,"[no reformado]"
foto_106097623_4.webp,"[no reformado]"
foto_106097623_7.webp,"[no reformado]"
foto_106097623_8.webp,"[no reformado]"
foto_106097687_2.webp,"[no reformado]"
foto_106097687_6.webp,"[no reformado]"
foto_106097687_7.webp,"[no reformado]"
foto_106097687_9.webp,"[no reformado]"
foto_106119315_3.webp,"[no reformado]"
foto_106127054_10.webp,"[no reformado]"
foto_106127054_2.webp,"[reformado]"
foto_106127054_3.webp,"[reformado]"
foto_106127054_4.webp,"[reformado]"
foto_106144699_1.webp,"[no reformado]"
foto_106144699_2.webp,"[no reformado]"
foto_106144699_4.webp,"[no reformado]"
foto_106144699_6.webp,"[no reformado]"
foto_106144699_7.webp,"[no reformado]"
foto_106144699_8.webp,"[no reformado]"
foto_106194393_2.webp,"[nulo]"
foto_106194393_4.webp,"[no reformado]"
foto_106194393_5.webp,"[no reformado]"
foto_106194393_6.webp,"[no reformado]"
foto_106226978_2.webp,"[reformado]"
foto_106226978_4.webp,"[reformado]"
foto_106226978_6.webp,"[reformado]"
foto_106226978_8.webp,"[reformado]"
foto_106226978_9.webp,"[reformado]"
foto_106232062_1.webp,"[nulo]"
foto_106232062_6.webp,"[no reformado]"
foto_106232776_5.webp,"[reformado]"
foto_106235267_10.webp,"[reformado]"
foto_106235267_2.webp,"[reformado]"
foto_106238734_2.webp,"[no reformado]"
foto_106238734_4.webp,"[no reformado]"
foto_106238734_7.webp,"[no reformado]"
foto_106238734_8.webp,"[no reformado]"
foto_106249296_1.webp,"[reformado]"
foto_106249296_3.webp,"[reformado]"
foto_106249296_4.webp,"[reformado]"
foto_106249296_5.webp,"[reformado]"
foto_106249296_6.webp,"[reformado]"
foto_106255597_2.webp,"[no reformado]"
foto_106255597_6.webp,"[no reformado]"
foto_106255597_8.webp,"[no reformado]"
foto_106255866_2.webp,"[nulo]"
foto_106255866_5.webp,"[nulo]"
foto_106255866_6.webp,"[nulo]"
foto_106255866_7.webp,"[nulo]"
foto_106256095_1.webp,"[nulo]"
foto_106256095_3.webp,"[nulo]"
foto_106256095_4.webp,"[nulo]"
foto_106256095_5.webp,"[nulo]"
foto_106261316_10.webp,"[no reformado]"
foto_106261316_2.webp,"[no reformado]"
foto_106261316_3.webp,"[no reformado]"
foto_106261316_4.webp,"[no reformado]"
foto_106261316_5.webp,"[no reformado]"
foto_106261316_6.webp,"[no reformado]"
foto_106261389_2.webp,"[reformado]"
foto_106261389_3.webp,"[reformado]"
foto_106261389_4.webp,"[reformado]"
foto_106261389_5.webp,"[reformado]"
foto_106261389_6.webp,"[reformado]"
foto_106261389_7.webp,"[reformado]"
foto_106261389_8.webp,"[reformado]"
foto_106261389_9.webp,"[reformado]"
foto_106261650_1.webp,"[no reformado]"
foto_106261650_2.webp,"[no reformado]"
foto_106642747_1.webp,"[nulo]"
foto_106642747_4.webp,"[reformado]"
foto_106642840_6.webp,"[no reformado]"
foto_106647132_6.webp,"[no reformado]"
foto_106651993_2.webp,"[reformado]"
foto_106651993_3.webp,"[reformado]"
foto_106662192_1.webp,"[no reformado]"
foto_106662192_4.webp,"[reformado]"
foto_106662192_5.webp,"[reformado]"
foto_106662192_6.webp,"[reformado]"
foto_106664982_4.webp,"[no reformado]"
foto_106664982_5.webp,"[no reformado]"
foto_106664982_6.webp,"[no reformado]"
foto_106674452_4.webp,"[reformado]"
foto_106674452_5.webp,"[reformado]"
foto_106674452_6.webp,"[reformado]"
foto_106674452_8.webp,"[reformado]"
foto_106675022_4.webp,"[reformado]"
foto_106675022_6.webp,"[reformado]"
foto_106679297_1.webp,"[no reformado]"
foto_106679297_2.webp,"[no reformado]"
foto_106680060_1.webp,"[no reformado]"
foto_106680060_3.webp,"[no reformado]"
foto_106680060_4.webp,"[no reformado]"
foto_106681852_4.webp,"[reformado]"
foto_106681852_5.webp,"[reformado]"
foto_106681852_6.webp,"[reformado]"
foto_106688429_1.webp,"[no reformado]"
foto_106688429_10.webp,"[no reformado]"
foto_106688429_2.webp,"[no reformado]"
foto_107178601_10.webp,"[no reformado]"
foto_107178601_2.webp,"[no reformado]"
foto_107179294_10.webp,"[no reformado]"
foto_107179294_3.webp,"[nulo]"
foto_107179294_5.webp,"[no reformado]"
foto_107179294_8.webp,"[no reformado]"
foto_107180459_4.webp,"[reformado]"
foto_107180459_5.webp,"[reformado]"
foto_107180459_6.webp,"[reformado]"
foto_107180459_7.webp,"[reformado]"
foto_107188595_5.webp,"[nulo]"
foto_107188595_6.webp,"[nulo]"
foto_107188595_7.webp,"[nulo]"
foto_107188842_4.webp,"[reformado]"
foto_107188842_5.webp,"[reformado]"
foto_107188842_7.webp,"[reformado]"
foto_107189866_3.webp,"[nulo]"
foto_107189866_5.webp,"[nulo]"
foto_107190796_2.webp,"[reformado]"
foto_107190796_3.webp,"[reformado]"
foto_107190796_4.webp,"[reformado]"
foto_107190796_5.webp,"[reformado]"
foto_107190796_7.webp,"[reformado]"
foto_107199232_4.webp,"[nulo]"
foto_107199232_5.webp,"[nulo]"
foto_107200242_4.webp,"[no reformado]"
foto_107200242_7.webp,"[no reformado]"
foto_107200542_2.webp,"[no reformado]"
foto_107200542_3.webp,"[no reformado]"
foto_107204732_2.webp,"[reformado]"
foto_107204732_3.webp,"[reformado]"
foto_107204732_5.webp,"[reformado]"
foto_107204732_8.webp,"[reformado]"
foto_107204732_9.webp,"[reformado]"
foto_107204804_7.webp,"[no reformado]"
foto_107205081_3.webp,"[no reformado]"
foto_107205081_5.webp,"[no reformado]"
foto_107205081_8.webp,"[no reformado]"
foto_107205081_9.webp,"[no reformado]"
foto_107205206_1.webp,"[no reformado]"
foto_107209328_5.webp,"[no reformado]"
foto_107209328_7.webp,"[no reformado]"
foto_107210069_3.webp,"[reformado]"
foto_107211716_7.webp,"[no reformado]"
foto_107219233_10.webp,"[no reformado]"
foto_107219513_2.webp,"[no reformado]"
foto_107220128_10.webp,"[no reformado]"
foto_107221127_1.webp,"[reformado]"
foto_107221127_9.webp,"[reformado]"
foto_107225903_9.webp,"[no reformado]"
foto_107228555_2.webp,"[nulo]"
foto_107228555_6.webp,"[reformado]"
foto_107229135_1.webp,"[nulo]"
foto_107229135_2.webp,"[no reformado]"
foto_107229135_8.webp,"[no reformado]"
foto_107230879_7.webp,"[reformado]"
foto_107230879_8.webp,"[reformado]"
foto_107230879_9.webp,"[reformado]"
foto_107231147_3.webp,"[reformado]"
foto_107231147_4.webp,"[reformado]"
foto_107231147_6.webp,"[reformado]"
foto_107232215_1.webp,"[nulo]"
foto_107232215_2.webp,"[nulo]"
foto_107232215_6.webp,"[nulo]"
foto_107233276_8.webp,"[no reformado]"
foto_107233276_9.webp,"[no reformado]"
foto_107233356_6.webp,"[reformado]"
foto_107233824_1.webp,"[reformado]"
foto_107233824_5.webp,"[reformado]"
foto_107233824_7.webp,"[reformado]"
foto_107620094_9.webp,"[nulo]"
foto_107620423_8.webp,"[no reformado]"
foto_107621453_10.webp,"[no reformado]"
foto_107621453_7.webp,"[no reformado]"
foto_107621980_2.webp,"[no reformado]"
foto_107623019_10.webp,"[reformado]"
foto_107623019_5.webp,"[reformado]"
foto_107623019_7.webp,"[reformado]"
foto_107623413_9.webp,"[no reformado]"
foto_107624889_1.webp,"[reformado]"
foto_107624889_4.webp,"[reformado]"
foto_107624889_5.webp,"[reformado]"
foto_107624889_6.webp,"[reformado]"
foto_107624889_7.webp,"[reformado]"
foto_107624889_8.webp,"[reformado]"
foto_107624972_4.webp,"[no reformado]"
foto_107625848_4.webp,"[reformado]"
foto_107625848_6.webp,"[reformado]"
foto_107628006_2.webp,"[nulo]"
foto_107628060_10.webp,"[no reformado]"
foto_107628060_9.webp,"[no reformado]"
foto_107628378_8.webp,"[no reformado]"
foto_107629669_2.webp,"[nulo]"
foto_107631954_10.webp,"[no reformado]"
foto_107632707_10.webp,"[reformado]"
foto_107632707_4.webp,"[reformado]"
foto_107632707_5.webp,"[reformado]"
foto_107632707_6.webp,"[reformado]"
foto_107632707_7.webp,"[reformado]"
foto_107632707_8.webp,"[reformado]"
foto_107637004_5.webp,"[no reformado]"
foto_107638897_5.webp,"[no reformado]"
foto_107638897_6.webp,"[no reformado]"
foto_107638897_9.webp,"[no reformado]"
foto_107638900_3.webp,"[nulo]"
foto_107638900_5.webp,"[reformado]"
foto_107658947_3.webp,"[no reformado]"
foto_107659414_5.webp,"[reformado]"
foto_107663000_8.webp,"[reformado]"
foto_107663000_9.webp,"[reformado]"
foto_107664711_4.webp,"[reformado]"
foto_107664711_5.webp,"[reformado]"
foto_107664711_6.webp,"[reformado]"
foto_107664711_7.webp,"[reformado]"
foto_107664918_10.webp,"[no reformado]"
foto_107664918_3.webp,"[no reformado]"
foto_107664918_4.webp,"[no reformado]"
foto_107665539_4.webp,"[nulo]"
foto_107665539_6.webp,"[nulo]"
foto_107665588_2.webp,"[reformado]"
foto_107665588_3.webp,"[reformado]"
foto_107665588_6.webp,"[reformado]"
foto_107669970_2.webp,"[no reformado]"
foto_107673289_5.webp,"[nulo]"
foto_107673289_6.webp,"[nulo]"
foto_107673289_8.webp,"[nulo]"
foto_107673750_6.webp,"[no reformado]"
foto_107676755_2.webp,"[no reformado]"
foto_107695521_7.webp,"[reformado]"
foto_107695521_9.webp,"[reformado]"
foto_107695616_5.webp,"[no reformado]"
foto_107695777_3.webp,"[reformado]"
foto_107695777_4.webp,"[reformado]"
foto_107695777_5.webp,"[reformado]"
foto_107697828_10.webp,"[reformado]"
foto_107697828_3.webp,"[reformado]"
foto_107697828_4.webp,"[reformado]"
foto_107698473_10.webp,"[reformado]"
foto_107698620_1.webp,"[reformado]"
foto_107698620_10.webp,"[reformado]"
foto_107698620_7.webp,"[reformado]"
foto_107700782_5.webp,"[no reformado]"
foto_107702266_1.webp,"[reformado]"
foto_107702266_5.webp,"[reformado]"
foto_107702266_7.webp,"[reformado]"
foto_107702266_8.webp,"[reformado]"
foto_107702266_9.webp,"[reformado]"